<?xml version="1.0" encoding="UTF-8"?>
<project-private xmlns="http://www.netbeans.org/ns/project-private/1">
    <editor-bookmarks xmlns="http://www.netbeans.org/ns/editor-bookmarks/2" lastBookmarkId="0"/>
    <open-files xmlns="http://www.netbeans.org/ns/projectui-open-files/2">
        <group>
            <file>file:/C:/Users/T460/Documents/NetBeansProjects/LoginApplication/src/java/Editinfo.java</file>
            <file>file:/C:/Users/T460/Documents/NetBeansProjects/LoginApplication/src/java/Editor.java</file>
            <file>file:/C:/Users/T460/Documents/NetBeansProjects/LoginApplication/src/java/Delete.java</file>
            <file>file:/C:/Users/T460/Documents/NetBeansProjects/LoginApplication/src/java/ViewStudent.java</file>
            <file>file:/C:/Users/T460/Documents/NetBeansProjects/LoginApplication/src/java/Registration/RegistrationTask.java</file>
        </group>
    </open-files>
</project-private>
