<?xml version="1.0" encoding="UTF-8"?>
<project-private xmlns="http://www.netbeans.org/ns/project-private/1">
    <editor-bookmarks xmlns="http://www.netbeans.org/ns/editor-bookmarks/2" lastBookmarkId="0"/>
    <open-files xmlns="http://www.netbeans.org/ns/projectui-open-files/2">
        <group>
            <file>file:/E:/Rgpvmarksheet/src/rgpvmarksheet/MainPage.java</file>
            <file>file:/E:/Rgpvmarksheet/src/rgpvmarksheet/Signup.java</file>
            <file>file:/E:/Rgpvmarksheet/src/rgpvmarksheet/Student.java</file>
            <file>file:/E:/Rgpvmarksheet/src/rgpvmarksheet/Login.java</file>
            <file>file:/E:/Rgpvmarksheet/src/rgpvmarksheet/Rgpvmarksheet1.java</file>
            <file>file:/E:/Rgpvmarksheet/src/rgpvmarksheet/Registrarion.java</file>
        </group>
    </open-files>
</project-private>
