<?xml version="1.0" encoding="UTF-8"?>
<project-private xmlns="http://www.netbeans.org/ns/project-private/1">
    <editor-bookmarks xmlns="http://www.netbeans.org/ns/editor-bookmarks/2" lastBookmarkId="0"/>
    <open-files xmlns="http://www.netbeans.org/ns/projectui-open-files/2">
        <group>
            <file>file:/C:/Users/dell/Documents/jdbc/rgpvproject/src/Signup111.java</file>
            <file>file:/C:/Users/dell/Documents/jdbc/rgpvproject/src/Signuppass2.java</file>
            <file>file:/C:/Users/dell/Documents/jdbc/rgpvproject/src/Dashboardnew.java</file>
            <file>file:/C:/Users/dell/Documents/jdbc/rgpvproject/src/login111.java</file>
            <file>file:/C:/Users/dell/Documents/jdbc/rgpvproject/src/Signuppass3.java</file>
            <file>file:/C:/Users/dell/Documents/jdbc/rgpvproject/src/login222.java</file>
            <file>file:/C:/Users/dell/Documents/jdbc/rgpvproject/src/Dashboardnew1.java</file>
        </group>
    </open-files>
</project-private>
