<?xml version="1.0" encoding="UTF-8"?>
<project-private xmlns="http://www.netbeans.org/ns/project-private/1">
    <editor-bookmarks xmlns="http://www.netbeans.org/ns/editor-bookmarks/2" lastBookmarkId="0"/>
    <open-files xmlns="http://www.netbeans.org/ns/projectui-open-files/2">
        <group>
            <file>file:/C:/Users/dell/Documents/Swastik_project/Swastik-Bank/src/java/com/swastik/model/ReviewAndRatingDto.java</file>
            <file>file:/C:/Users/dell/Documents/Swastik_project/Swastik-Bank/src/java/com/swastik/service/GetConnection.java</file>
            <file>file:/C:/Users/dell/Documents/Swastik_project/Swastik-Bank/src/java/com/swastik/controlar/CustomerAccountOpen.java</file>
            <file>file:/C:/Users/dell/Documents/Swastik_project/Swastik-Bank/src/java/com/swastik/model/ReportDao.java</file>
            <file>file:/C:/Users/dell/Documents/Swastik_project/Swastik-Bank/src/java/com/swastik/model/ReportDto.java</file>
            <file>file:/C:/Users/dell/Documents/Swastik_project/Swastik-Bank/src/java/com/swastik/model/ReviewAndRatingdao.java</file>
        </group>
    </open-files>
</project-private>
